{
    "accuracy": 0.8728966867395237,
    "precision": 0.8884299602075253,
    "recall": 0.8582133125729856,
    "f1": 0.8730602648187106,
    "roc_auc": 0.9464242834341047
}