{
    "accuracy": 0.8731692810943424,
    "precision": 0.8887657430730479,
    "recall": 0.858407940833009,
    "f1": 0.8733231028166922,
    "roc_auc": 0.9463339185581627
}